<?xml version="1.0" encoding="UTF-8"?>
<webfexml>
	    
    
<!-- Demo Online Shop locators -->
    <ElementInfo Name="PhoneCategories_Link"   Type="XPath">//a[@onclick="byCat('phone')" and text()='Phones']</ElementInfo>
 	<ElementInfo Name="LaptopCategories_Link"  Type="XPath">//a[@onclick="byCat('notebook')" and text()='Laptops']</ElementInfo>
    <ElementInfo Name="MonitorCategories_Link" Type="Xpath">//a[@onclick="byCat('monitor')" and text()='Monitors']</ElementInfo>
    <ElementInfo Name="SonyVaioLaptop_Link"    Type="Xpath">//a[@href='prod.html?idp_=8']//img[@src='imgs/sony_vaio_5.jpg']</ElementInfo>
    <ElementInfo Name="Addtocart_Button"       Type="Xpath">//a[@class='btn btn-success btn-lg']</ElementInfo>
    <ElementInfo Name="Home_Link"  			   Type="Xpath">//a[@href='index.html' and @class='nav-link']</ElementInfo>
    <ElementInfo Name="Cart_Link"  			   Type="Xpath">//a[@href='cart.html']</ElementInfo>
    <ElementInfo Name="DellLaptop_Link"  	   Type="Xpath">//a[@class='hrefch' and text()='Dell i7 8gb']</ElementInfo>
    <ElementInfo Name="DellLaptop_Delete"  	   Type="Xpath">//tr//td[text()='Dell i7 8gb']/..//td[4]//a[text()='Delete']</ElementInfo>
    <ElementInfo Name="PlaceOrder_Button"  	   Type="Xpath">//button[text()='Place Order']</ElementInfo>
    <ElementInfo Name="Form_Name_Field"  	   Type="Xpath">//input[@id='name']</ElementInfo>
    <ElementInfo Name="Form_Country_Field"     Type="Xpath">//input[@id='country']</ElementInfo>
    <ElementInfo Name="Form_City_Field"  	   Type="Xpath">//input[@id='city']</ElementInfo>
    <ElementInfo Name="Form_Card_Field"  	   Type="Xpath">//input[@id='card']</ElementInfo>
    <ElementInfo Name="Form_Month_Field"  	   Type="Xpath">//input[@id='month']</ElementInfo>
    <ElementInfo Name="Form_Year_Field"  	   Type="Xpath">//input[@id='year']</ElementInfo>
    <ElementInfo Name="Purchase_Button"  	   Type="Xpath">//button[@onclick='purchaseOrder()']</ElementInfo>
    <ElementInfo Name="Purchase_Id"  	       Type="Xpath">((//p//br)[1]/../text())[1]</ElementInfo>
    <ElementInfo Name="Purchase_Amount"  	   Type="Xpath">//p[@class='lead text-muted ']</ElementInfo>
    <ElementInfo Name="PurchaseOk_Button"      Type="Xpath">//button[@class='confirm btn btn-lg btn-primary']</ElementInfo>
    
	
</webfexml>